Name,Latitude,Longitude,Votes,Rating,Type
Gen Korean BBQ House,29.742687,-95.379709,100.0,4.0,bbq
The Pit Room,29.7342352703345,-95.3939679771603,1642.0,4.5,bbq
L&L Hawaiian Barbecue,29.77461,-95.398,25.0,4.5,bbq
Truth BBQ,29.76892,-95.39742,253.0,4.5,bbq
Pinkerton's Barbecue,29.79868,-95.3815,635.0,4.5,bbq
Ray's BBQ Shack,29.7026499,-95.3567173,660.0,4.5,bbq
Gyu-Kaku Japanese BBQ,29.7505917766388,-95.3753622367706,1344.0,4.0,bbq
Jackson Street BBQ,29.7588636332986,-95.3543785428204,438.0,4.0,bbq
Siu Lap City,29.74512,-95.37747,95.0,4.5,bbq
Gatlin's BBQ,29.8204165146057,-95.4290675846557,657.0,3.5,bbq
Brookstreet Bar-B-Que,29.7460823059082,-95.3914413452148,352.0,4.0,bbq
Harris County General Store Barbecue,29.74703,-95.30759,15.0,5.0,bbq
Barbecue Inn,29.82854,-95.40036,278.0,4.0,bbq
Fainmous BBQ,29.66818,-95.4637,287.0,4.0,bbq
Nickel Sandwich Grill,29.77669,-95.3148,58.0,4.0,bbq
Henderson & Kane,29.76597,-95.37954,56.0,5.0,bbq
Hoot's Smokehouse,29.735143213987,-95.2868901193142,29.0,4.5,bbq
Goode Company Barbeque,29.7270351632195,-95.4184110074096,1116.0,3.5,bbq
Two Brothers Smokin Oak Kitchen,29.67293,-95.4445,23.0,5.0,bbq
Blood Bros. BBQ,29.705155,-95.475517,164.0,4.5,bbq
Feges BBQ,29.731634,-95.431233,57.0,4.0,bbq
Hungry Farmer Barbeque,29.82807,-95.37868,104.0,3.5,bbq
Pappas Bar-B-Q,29.74853,-95.36857,240.0,3.0,bbq
Coffee-Q,29.7331987414394,-95.4231855645776,83.0,4.5,bbq
Demeris Bar-B-Q,29.8005874,-95.4482664,150.0,3.5,bbq
Boxcar BBQ,29.8282298,-95.4253757,1.0,5.0,bbq
True Bark BBQ,29.73843,-95.40781,3.0,5.0,bbq
MC's Barbecue,29.8098730215812,-95.3267430514097,11.0,4.0,bbq
House of Blues Restaurant & Bar,29.7538392,-95.3637491,82.0,3.5,bbq
Victorian's Barbecue,29.7604267,-95.3698028,7.0,4.5,bbq
Colwell's BBQ/Soul Food and More,29.846,-95.34244,10.0,4.0,bbq
OMG BBQ,29.8041560847877,-95.3853618683549,64.0,3.5,bbq
Pappas Bar-B-Q,29.66741,-95.26223,109.0,3.0,bbq
RDQ,29.8345794677734,-95.4100570678711,7.0,5.0,bbq
Pizzitola's Bar-B-Cue,29.7756968,-95.4097256,188.0,3.5,bbq
Demeris Bar-B-Q,29.73941,-95.4105,181.0,3.5,bbq
Pappas Bar-B-Q,29.69,-95.41714,215.0,3.0,bbq
Luling City Market,29.7331026,-95.4573137,231.0,3.0,bbq
Texas Tacos & BBQ,29.73314,-95.3289,62.0,3.5,bbq
Napoli Wine Cafe,29.770219,-95.407797,6.0,4.0,bbq
Homestyle Restaurant,29.7022200963645,-95.3492786362767,7.0,4.0,bbq
Khoi Barbecue,29.7446994781494,-95.3861083984375,5.0,5.0,bbq
Ottos,29.76035,-95.36416,15.0,4.0,bbq
The Bookity Bookity Boudain Man,29.6918048858643,-95.3534317016602,14.0,3.5,bbq
Pappas Bar-B-Q,29.758256096022,-95.3692006465576,69.0,2.5,bbq
Otto's Bar B Que & Hamburgers Downtown,29.757639,-95.370361,38.0,3.5,bbq
Ike's BBQ,29.7102324,-95.3311102,3.0,4.5,bbq
Choice Cafeteria,29.77987,-95.45613,19.0,4.5,bbq
Buttz,29.7360668182373,-95.4131851196289,33.0,4.5,bbq
Eaker Barbecue,29.66908,-95.50418,16.0,4.5,bbq
Willow's Texas BBQ,29.8027092831129,-95.4185328988002,61.0,5.0,bbq
Colonel Eats: Gourmet Street Food,29.735549,-95.424696,5.0,4.5,bbq
Old Fashion Barbeque,29.665747,-95.332945,8.0,4.5,bbq
Gabby's BBQ,29.815448,-95.410925,159.0,3.0,bbq
P&C Smokehouse,29.71628,-95.41465,2.0,5.0,bbq
Pappas Bar-B-Q,29.700516,-95.294411,87.0,3.0,bbq
Filipin Tex,29.916576,-95.634952,3.0,5.0,bbq
Texas Bar-B-Que House,29.75263,-95.3498,31.0,2.0,bbq
Charlie's BBQ & Salads,29.755775,-95.363926,29.0,3.5,bbq
Pappas Bar-B-Q,29.831004,-95.381568,83.0,2.5,bbq
Pappa's Bar B Q,29.68234,-95.36651,9.0,3.5,bbq
Chapman House Smoked Meats,29.8098267,-95.3992151,1.0,5.0,bbq
Phil-Paul BBQ,29.7757813078481,-95.3379107639194,2.0,2.5,bbq
Eddie O’s BBQ,29.80343,-95.37582,4.0,3.5,bbq
Texas Halal BBQ State,29.698423,-95.386491,2.0,4.5,bbq
El Burro & the Bull,29.7418707,-95.3209928,88.0,4.0,bbq
Charlie's BBQ & Hamburgers,29.7099973,-95.4630112,74.0,4.0,bbq
Thomas Bar B-Q,29.812075,-95.427551,55.0,3.0,bbq
Caritas Ranch Bar-B-Q,29.7739138699922,-95.3657913208008,2.0,4.5,bbq
Cats Corner BBQ,29.723976326406,-95.3510846399185,2.0,3.5,bbq
Happy Plate Express,29.75712,-95.36442,1.0,4.0,bbq
Big 6 Bar B Que,29.6711413,-95.6433448,119.0,4.5,bbq
Dickey's Barbecue Pit,29.8481747,-95.3083416,3.0,2.0,bbq
Paw Paw Chico BBQ,30.0625840183594,-95.3936416575333,124.0,4.5,bbq
Thomas Bar B-Q,29.8460086679026,-95.3922431194687,14.0,3.0,bbq
litbbqco,29.74963,-95.37735,1.0,5.0,bbq
Otto’s,29.76012,-95.3656,2.0,4.5,bbq
Tommy's Grill & Cafe,29.7448159524873,-95.4623240048935,44.0,3.5,bbq
Otto's Barbeque,29.754695,-95.36236,17.0,2.5,bbq
Brisket Bar-B-Q,29.70638,-95.47094,58.0,3.0,bbq
Bullbutter Bros.,29.77064,-95.40512,2.0,2.5,bbq
Hickory Pit BBQ,29.707576751709,-95.4675903320312,35.0,2.5,bbq
Byron's Gourmet Bar-B-Que,29.863208770752,-95.4424743652344,3.0,2.5,bbq
Otto's BBQ,29.75527,-95.36304,14.0,2.5,bbq
3rd Coast BBQ,30.40911,-95.66276,1.0,5.0,bbq
Romey's Rib Shack,30.0014228820801,-95.2628326416016,4.0,4.0,bbq
OMG Boogie's BBQ,29.7950319011406,-95.3881331160665,1.0,2.0,bbq
Farr Better BBQ and Catering,29.6773012539913,-95.3368539735675,1.0,3.0,bbq
The Red Barn,29.80957,-95.39725,1.0,1.0,bbq
Kata Wit' Flava,,,1.0,1.0,bbq
